year,region,total_men,total_women,election,Votants
2002,Auvergne-Rhône-Alpes,3464799,3651145,legislative,46230.0826446281
2002,Auvergne-Rhône-Alpes,3464799,3651145,presidential,57294.34920634921
2002,Bourgogne-Franche-Comté,1341369,1408523,legislative,40952.19298245614
2002,Bourgogne-Franche-Comté,1341369,1408523,presidential,49786.28333333333
2002,Bretagne,1447224,1534541,legislative,55924.6875
2002,Bretagne,1447224,1534541,presidential,66341.96153846153
2002,Centre-Val-de-Loire,1204878,1268100,legislative,48318.56756756757
2002,Centre-Val-de-Loire,1204878,1268100,presidential,58543.42105263158
2002,Corse,133448,140645,legislative,29726.75
2002,Corse,133448,140645,presidential,30221.75
2002,DOM,820329,878842,legislative,21208.1
2002,DOM,820329,878842,presidential,38307.625
2002,Grand Est,2654928,2777787,legislative,39751.67010309279
2002,Grand Est,2654928,2777787,presidential,52165.50943396227
2002,Guadeloupe ,186827,206197,legislative,26047.25
2002,Guadeloupe ,186827,206197,presidential,25597.125
2002,Guyane,88372,88266,legislative,8939.5
2002,Guyane,88372,88266,presidential,11888.75
2002,Hauts-de-France,2853417,3026476,legislative,44067.477064220184
2002,Hauts-de-France,2853417,3026476,presidential,54727.78571428572
2002,La Réunion,361981,378226,legislative,47281.625
2002,La Réunion,361981,378226,presidential,56258.5
2002,Martinique ,183149,206153,legislative,22913.375
2002,Martinique ,183149,206153,presidential,26828.125
2002,Normandie,1567057,1664843,legislative,45391.508771929824
2002,Normandie,1567057,1664843,presidential,56057.903225806454
2002,Nouvelle-Aquitaine,2600622,2785686,legislative,49334.86666666667
2002,Nouvelle-Aquitaine,2600622,2785686,presidential,57400.22641509434
2002,Occitanie,2432195,2598508,legislative,51131.47311827957
2002,Occitanie,2432195,2598508,presidential,59657.32978723404
2002,Pays de la Loire,1615448,1699201,legislative,49644.06
2002,Pays de la Loire,1615448,1699201,presidential,61326.566666666666
2002,Provence-Alpes-Côte d'Azur,2214503,2414993,legislative,46109.64102564102
2002,Provence-Alpes-Côte d'Azur,2214503,2414993,presidential,57602.9625
2002,Île-de-France,5409116,5776447,legislative,38573.4414893617
2002,Île-de-France,5409116,5776447,presidential,45297.50505050505
2004,Auvergne-Rhône-Alpes,3519883,3711950,cantonales,6461.525727069351
2004,Bourgogne-Franche-Comté,1346391,1416543,cantonales,4442.971887550201
2004,Bretagne,1474225,1562852,cantonales,7652.58152173913
2004,Centre-Val-de-Loire,1214167,1280112,cantonales,5374.705882352941
2004,Corse,138054,145918,cantonales,2746.4102564102564
2004,Grand Est,2666070,2792808,cantonales,6277.554517133956
2004,Guadeloupe ,187603,209389,cantonales,4092.775
2004,Guyane,96300,96867,cantonales,1794.3076923076924
2004,Hauts-de-France,2855930,3038027,cantonales,9612.393129770993
2004,La Réunion,371055,390575,cantonales,7036.736842105263
2004,Martinique ,184303,209549,cantonales,3363.060606060606
2004,Normandie,1572491,1676729,cantonales,5782.837209302325
2004,Nouvelle-Aquitaine,2642237,2834276,cantonales,5454.3949191685915
2004,Occitanie,2495776,2671776,cantonales,5634.828784119107
2004,Pays de la Loire,1646839,1732945,cantonales,7952.593023255814
2004,Provence-Alpes-Côte d'Azur,2254791,2464341,cantonales,9039.257918552035
2004,Île-de-France,5485818,5864472,cantonales,10408.21403508772
2007,Auvergne-Rhône-Alpes,3600760,3804446,legislative,47052.49107142857
2007,Auvergne-Rhône-Alpes,3600760,3804446,presidential,68594.53968253969
2007,Bourgogne-Franche-Comté,1360927,1431635,legislative,40993.25925925926
2007,Bourgogne-Franche-Comté,1360927,1431635,presidential,56442.083333333336
2007,Bretagne,1514671,1605617,legislative,57494.23529411765
2007,Bretagne,1514671,1605617,presidential,77972.53846153847
2007,Centre-Val-de-Loire,1228011,1298908,legislative,48086.64864864865
2007,Centre-Val-de-Loire,1228011,1298908,presidential,66511.02631578948
2007,Corse,145635,153574,legislative,33800.57142857143
2007,Corse,145635,153574,presidential,39756.75
2007,DOM,864176,941276,legislative,31955.333333333332
2007,DOM,864176,941276,presidential,48123.75
2007,Grand Est,2686710,2819906,legislative,39361.68674698795
2007,Grand Est,2686710,2819906,presidential,59720.188679245286
2007,Guadeloupe ,188325,212259,legislative,29086.25
2007,Guadeloupe ,188325,212259,presidential,47233.75
2007,Guyane,105546,107485,legislative,12841.0
2007,Guyane,105546,107485,presidential,19138.25
2007,Hauts-de-France,2867834,3054196,legislative,44413.21153846154
2007,Hauts-de-France,2867834,3054196,presidential,61687.21428571428
2007,La Réunion,385335,408772,legislative,57281.3
2007,La Réunion,385335,408772,presidential,76520.1
2007,Martinique ,184970,212760,legislative,28158.25
2007,Martinique ,184970,212760,presidential,44838.625
2007,Normandie,1585457,1692688,legislative,46436.61403508772
2007,Normandie,1585457,1692688,presidential,64398.096774193546
2007,Nouvelle-Aquitaine,2713176,2914495,legislative,50214.01941747573
2007,Nouvelle-Aquitaine,2713176,2914495,presidential,67031.61320754717
2007,Occitanie,2593477,2777640,legislative,53008.54838709677
2007,Occitanie,2593477,2777640,presidential,70793.25531914894
2007,Pays de la Loire,1697147,1785447,legislative,52116.36538461538
2007,Pays de la Loire,1697147,1785447,presidential,72836.56666666667
2007,Provence-Alpes-Côte d'Azur,2321362,2542653,legislative,47909.269841269845
2007,Provence-Alpes-Côte d'Azur,2321362,2542653,presidential,69449.5875
2007,Île-de-France,5602411,5996455,legislative,39656.94915254237
2007,Île-de-France,5602411,5996455,presidential,57991.07575757576
2008,Auvergne-Rhône-Alpes,3628373,3830719,cantonales,6495.68407310705
2008,Bourgogne-Franche-Comté,1365513,1437006,cantonales,4825.587155963302
2008,Bretagne,1529468,1620233,cantonales,7946.705128205128
2008,Centre-Val-de-Loire,1230640,1300948,cantonales,6096.674418604651
2008,Corse,147832,155134,cantonales,3266.184210526316
2008,Grand Est,2693221,2828231,cantonales,6492.166666666667
2008,Guadeloupe ,188389,213395,cantonales,4207.764705882353
2008,Guyane,108673,110593,cantonales,1656.8823529411766
2008,Hauts-de-France,2872438,3058653,cantonales,8937.15859030837
2008,La Réunion,392041,416209,cantonales,6251.928571428572
2008,Martinique ,184437,213256,cantonales,3394.6176470588234
2008,Normandie,1591747,1701345,cantonales,6330.198924731183
2008,Nouvelle-Aquitaine,2732901,2938175,cantonales,5953.843575418994
2008,Occitanie,2619187,2800759,cantonales,5979.426666666666
2008,Pays de la Loire,1710307,1799863,cantonales,7933.5931034482755
2008,Provence-Alpes-Côte d'Azur,2331735,2551178,cantonales,9124.265193370165
2008,Île-de-France,5631385,6027875,cantonales,10072.592885375494
2011,Auvergne-Rhône-Alpes,3716132,3918091,cantonales,4770.261261261261
2011,Bourgogne-Franche-Comté,1372836,1443338,cantonales,3397.996015936255
2011,Bretagne,1563341,1654426,cantonales,5537.423913043478
2011,Centre-Val-de-Loire,1242058,1314777,cantonales,3975.253164556962
2011,Corse,154075,160411,cantonales,2615.4324324324325
2011,Grand Est,2703035,2836000,cantonales,4533.650887573965
2011,Guadeloupe ,187782,216853,cantonales,3482.9117647058824
2011,Guyane,117732,119817,cantonales,1564.0
2011,Hauts-de-France,2888235,3071935,cantonales,6802.947169811321
2011,La Réunion,401139,427442,cantonales,6957.825
2011,Martinique ,180676,211615,cantonales,2704.6190476190477
2011,Normandie,1603920,1711157,cantonales,4209.238738738739
2011,Nouvelle-Aquitaine,2783870,2989208,cantonales,4141.808962264151
2011,Occitanie,2695768,2877698,cantonales,4549.936224489796
2011,Pays de la Loire,1754154,1846959,cantonales,5811.116666666667
2011,Provence-Alpes-Côte d'Azur,2350713,2565356,cantonales,6804.472727272727
2011,Île-de-France,5725491,6127360,cantonales,7147.6546052631575
2012,Auvergne-Rhône-Alpes,3745543,3949721,legislative,47010.81746031746
2012,Auvergne-Rhône-Alpes,3745543,3949721,presidential,67348.234375
2012,Bourgogne-Franche-Comté,1373026,1443788,legislative,44586.055555555555
2012,Bourgogne-Franche-Comté,1373026,1443788,presidential,60837.01851851852
2012,Bretagne,1573097,1664000,legislative,53902.37037037037
2012,Bretagne,1573097,1664000,presidential,74736.66666666667
2012,Centre-Val-de-Loire,1244834,1318752,legislative,46822.57894736842
2012,Centre-Val-de-Loire,1244834,1318752,presidential,64946.21052631579
2012,Corse,154768,161489,legislative,33537.125
2012,Corse,154768,161489,presidential,41477.75
2012,DOM,888904,976366,legislative,28832.30769230769
2012,DOM,888904,976366,presidential,29606.071428571428
2012,Grand Est,2706586,2842369,legislative,43039.68085106383
2012,Grand Est,2706586,2842369,presidential,62744.23469387755
2012,Guadeloupe ,187038,216276,legislative,27380.85714285714
2012,Guadeloupe ,187038,216276,presidential,42728.125
2012,Guyane,119538,120110,legislative,12981.25
2012,Guyane,119538,120110,presidential,20817.25
2012,Hauts-de-France,2895247,3077851,legislative,46722.25252525252
2012,Hauts-de-France,2895247,3077851,presidential,66844.07
2012,La Réunion,403504,430440,legislative,39824.25
2012,La Réunion,403504,430440,presidential,57198.71428571428
2012,Martinique ,178824,209540,legislative,27234.0
2012,Martinique ,178824,209540,presidential,42465.625
2012,Normandie,1607509,1715247,legislative,49050.666666666664
2012,Normandie,1607509,1715247,presidential,69579.125
2012,Nouvelle-Aquitaine,2800321,3008273,legislative,51569.09090909091
2012,Nouvelle-Aquitaine,2800321,3008273,presidential,71545.79591836735
2012,Occitanie,2721178,2905680,legislative,50274.22340425532
2012,Occitanie,2721178,2905680,presidential,68325.52040816327
2012,Pays de la Loire,1769777,1862837,legislative,51510.454545454544
2012,Pays de la Loire,1769777,1862837,presidential,72943.16666666667
2012,Provence-Alpes-Côte d'Azur,2360622,2574954,legislative,46663.39024390244
2012,Provence-Alpes-Côte d'Azur,2360622,2574954,presidential,66196.53571428571
2012,Île-de-France,5746662,6151840,legislative,39566.90155440415
2012,Île-de-France,5746662,6151840,presidential,57026.092783505155
